caller,callee,duration_seconds,timestamp
+919900000001,+919900001001,31,2026-09-08T10:01:00Z
+919900000002,+919900001002,32,2026-09-08T10:02:00Z
+919900000003,+919900001003,33,2026-09-08T10:03:00Z
+919900000004,+919900001004,34,2026-09-08T10:04:00Z
+919900000005,+919900001005,35,2026-09-08T10:05:00Z
+919900000006,+919900001006,36,2026-09-08T10:06:00Z
+919900000007,+919900001007,37,2026-09-08T10:07:00Z
+919900000008,+919900001008,38,2026-09-08T10:08:00Z
+919900000009,+919900001009,39,2026-09-08T10:09:00Z
+919900000010,+919900001010,40,2026-09-08T10:10:00Z
+919900000011,+919900001011,41,2026-09-08T10:11:00Z
+919900000012,+919900001012,42,2026-09-08T10:12:00Z
+919900000013,+919900001013,43,2026-09-08T10:13:00Z
+919900000014,+919900001014,44,2026-09-08T10:14:00Z
+919900000015,+919900001015,45,2026-09-08T10:15:00Z
+919900000016,+919900001016,46,2026-09-08T10:16:00Z
+919900000017,+919900001017,47,2026-09-08T10:17:00Z
+919900000018,+919900001018,48,2026-09-08T10:18:00Z
+919900000019,+919900001019,49,2026-09-08T10:19:00Z
+919900000020,+919900001020,50,2026-09-08T10:20:00Z
,+91990000999,42,2026-09-08T11:00:00Z
+919900000999,+91990000999,not-a-number,2026-09-08T11:01:00Z
+919900000999,+91990000999,42,not-a-date
