"caller","callee","duration_seconds","timestamp"
"+919810000101","+919810000102","181","2026-09-08T14:31:00.0000000+05:30"
"+919810000101","+919810000103","182","2026-09-08T14:32:00.0000000+05:30"
"+919810000101","+919810000104","183","2026-09-08T14:33:00.0000000+05:30"
"+919810000101","+919810000105","184","2026-09-08T14:34:00.0000000+05:30"
"+919810000102","+919810000103","185","2026-09-08T14:35:00.0000000+05:30"
"+919810000102","+919810000104","186","2026-09-08T14:36:00.0000000+05:30"
"+919810000102","+919810000105","187","2026-09-08T14:37:00.0000000+05:30"
"+919810000103","+919810000104","188","2026-09-08T14:38:00.0000000+05:30"
"+919810000103","+919810000105","189","2026-09-08T14:39:00.0000000+05:30"
"+919810000104","+919810000105","190","2026-09-08T14:40:00.0000000+05:30"
"+919820000201","+919800000999","90","2026-09-08T14:41:00.0000000+05:30"
"+919820000202","+919800000999","90","2026-09-08T14:42:00.0000000+05:30"
"+919820000203","+919800000999","90","2026-09-08T14:43:00.0000000+05:30"
"+919820000204","+919800000999","90","2026-09-08T14:44:00.0000000+05:30"
"+919800000999","+919830000301","90","2026-09-08T14:45:00.0000000+05:30"
"+919800000999","+919830000302","90","2026-09-08T14:46:00.0000000+05:30"
"+919800000999","+919830000303","90","2026-09-08T14:47:00.0000000+05:30"
"+919800000999","+919830000304","90","2026-09-08T14:48:00.0000000+05:30"
"+919840000401","+919840001000","30","2026-09-08T14:49:00.0000000+05:30"
"+919840000402","+919840001001","31","2026-09-08T14:50:00.0000000+05:30"
"+919840000403","+919840001002","32","2026-09-08T14:51:00.0000000+05:30"
"+919840000404","+919840001003","33","2026-09-08T14:52:00.0000000+05:30"
"+919840000405","+919840001004","34","2026-09-08T14:53:00.0000000+05:30"
"+919840000401","+919840001005","35","2026-09-08T14:54:00.0000000+05:30"
"+919840000402","+919840001006","36","2026-09-08T14:55:00.0000000+05:30"
"+919840000403","+919840001007","37","2026-09-08T14:56:00.0000000+05:30"
"+919840000404","+919840001008","38","2026-09-08T14:57:00.0000000+05:30"
"+919840000405","+919840001009","39","2026-09-08T14:58:00.0000000+05:30"
"+919840000401","+919840001010","40","2026-09-08T14:59:00.0000000+05:30"
"+919840000402","+919840001011","41","2026-09-08T15:00:00.0000000+05:30"
"+919840000403","+919840001012","42","2026-09-08T15:01:00.0000000+05:30"
"+919840000404","+919840001013","43","2026-09-08T15:02:00.0000000+05:30"
"+919840000405","+919840001014","44","2026-09-08T15:03:00.0000000+05:30"
"+919840000401","+919840001015","45","2026-09-08T15:04:00.0000000+05:30"
"+919840000402","+919840001016","46","2026-09-08T15:05:00.0000000+05:30"
"+919840000403","+919840001017","47","2026-09-08T15:06:00.0000000+05:30"
"+919840000404","+919840001018","48","2026-09-08T15:07:00.0000000+05:30"
"+919840000405","+919840001019","49","2026-09-08T15:08:00.0000000+05:30"
"+919810000105","+919820000204","99","2026-09-08T15:09:00.0000000+05:30"
"+919810000101","+919820000201","100","2026-09-08T15:10:00.0000000+05:30"
"+919810000102","+919820000202","101","2026-09-08T15:11:00.0000000+05:30"
"+919810000103","+919820000203","102","2026-09-08T15:12:00.0000000+05:30"
"+919810000104","+919820000204","103","2026-09-08T15:13:00.0000000+05:30"
"+919810000105","+919820000201","104","2026-09-08T15:14:00.0000000+05:30"
"+919810000101","+919820000202","105","2026-09-08T15:15:00.0000000+05:30"
"+919810000102","+919820000203","106","2026-09-08T15:16:00.0000000+05:30"
"+919810000103","+919820000204","107","2026-09-08T15:17:00.0000000+05:30"
"+919810000104","+919820000201","108","2026-09-08T15:18:00.0000000+05:30"
"+919810000105","+919820000202","109","2026-09-08T15:19:00.0000000+05:30"
"+919810000101","+919820000203","110","2026-09-08T15:20:00.0000000+05:30"
"+919810000102","+919820000204","111","2026-09-08T15:21:00.0000000+05:30"
"+919810000103","+919820000201","112","2026-09-08T15:22:00.0000000+05:30"
"+919810000104","+919820000202","113","2026-09-08T15:23:00.0000000+05:30"
"+919810000105","+919820000203","114","2026-09-08T15:24:00.0000000+05:30"
"+919810000101","+919820000204","115","2026-09-08T15:25:00.0000000+05:30"
"+919810000102","+919820000201","116","2026-09-08T15:26:00.0000000+05:30"
"+919810000103","+919820000202","117","2026-09-08T15:27:00.0000000+05:30"
"+919810000104","+919820000203","118","2026-09-08T15:28:00.0000000+05:30"
"+919810000105","+919820000204","119","2026-09-08T15:29:00.0000000+05:30"
"+919810000101","+919820000201","120","2026-09-08T15:30:00.0000000+05:30"
"+919810000102","+919820000202","121","2026-09-08T15:31:00.0000000+05:30"
"+919810000103","+919820000203","122","2026-09-08T15:32:00.0000000+05:30"
"+919810000104","+919820000204","123","2026-09-08T15:33:00.0000000+05:30"
"+919810000105","+919820000201","124","2026-09-08T15:34:00.0000000+05:30"
"+919810000101","+919820000202","125","2026-09-08T15:35:00.0000000+05:30"
"+919810000102","+919820000203","126","2026-09-08T15:36:00.0000000+05:30"
"+919810000103","+919820000204","127","2026-09-08T15:37:00.0000000+05:30"
"+919810000104","+919820000201","128","2026-09-08T15:38:00.0000000+05:30"
"+919810000105","+919820000202","129","2026-09-08T15:39:00.0000000+05:30"
"+919810000101","+919820000203","130","2026-09-08T15:40:00.0000000+05:30"
"+919810000102","+919820000204","131","2026-09-08T15:41:00.0000000+05:30"
"+919810000103","+919820000201","132","2026-09-08T15:42:00.0000000+05:30"
"+919810000104","+919820000202","133","2026-09-08T15:43:00.0000000+05:30"
"+919810000105","+919820000203","134","2026-09-08T15:44:00.0000000+05:30"
"+919810000101","+919820000204","135","2026-09-08T15:45:00.0000000+05:30"
"+919810000102","+919820000201","136","2026-09-08T15:46:00.0000000+05:30"
"+919810000103","+919820000202","137","2026-09-08T15:47:00.0000000+05:30"
"+919810000104","+919820000203","138","2026-09-08T15:48:00.0000000+05:30"
"+919810000105","+919820000204","139","2026-09-08T15:49:00.0000000+05:30"
"+919810000101","+919820000201","140","2026-09-08T15:50:00.0000000+05:30"
"+919810000102","+919820000202","141","2026-09-08T15:51:00.0000000+05:30"
"+919810000103","+919820000203","142","2026-09-08T15:52:00.0000000+05:30"
"+919810000104","+919820000204","143","2026-09-08T15:53:00.0000000+05:30"
"+919810000105","+919820000201","144","2026-09-08T15:54:00.0000000+05:30"
"+919810000101","+919820000202","145","2026-09-08T15:55:00.0000000+05:30"
"+919810000102","+919820000203","146","2026-09-08T15:56:00.0000000+05:30"
"+919810000103","+919820000204","147","2026-09-08T15:57:00.0000000+05:30"
"+919810000104","+919820000201","148","2026-09-08T15:58:00.0000000+05:30"
"+919810000105","+919820000202","149","2026-09-08T15:59:00.0000000+05:30"
"+919810000101","+919820000203","150","2026-09-08T16:00:00.0000000+05:30"
"+919810000102","+919820000204","151","2026-09-08T16:01:00.0000000+05:30"
"+919810000103","+919820000201","152","2026-09-08T16:02:00.0000000+05:30"
"+919810000104","+919820000202","153","2026-09-08T16:03:00.0000000+05:30"
"+919810000105","+919820000203","154","2026-09-08T16:04:00.0000000+05:30"
"+919810000101","+919820000204","155","2026-09-08T16:05:00.0000000+05:30"
"+919810000102","+919820000201","156","2026-09-08T16:06:00.0000000+05:30"
"+919810000103","+919820000202","157","2026-09-08T16:07:00.0000000+05:30"
"+919810000104","+919820000203","158","2026-09-08T16:08:00.0000000+05:30"
"+919810000105","+919820000204","159","2026-09-08T16:09:00.0000000+05:30"
"+919810000101","+919820000201","160","2026-09-08T16:10:00.0000000+05:30"
"+919810000102","+919820000202","161","2026-09-08T16:11:00.0000000+05:30"
"+919810000103","+919820000203","162","2026-09-08T16:12:00.0000000+05:30"
"+919810000104","+919820000204","163","2026-09-08T16:13:00.0000000+05:30"
"+919810000105","+919820000201","164","2026-09-08T16:14:00.0000000+05:30"
"+919810000101","+919820000202","165","2026-09-08T16:15:00.0000000+05:30"
"+919810000102","+919820000203","166","2026-09-08T16:16:00.0000000+05:30"
"+919810000103","+919820000204","167","2026-09-08T16:17:00.0000000+05:30"
"+919810000104","+919820000201","168","2026-09-08T16:18:00.0000000+05:30"
"+919810000105","+919820000202","169","2026-09-08T16:19:00.0000000+05:30"
"+919810000101","+919820000203","170","2026-09-08T16:20:00.0000000+05:30"
"+919810000102","+919820000204","171","2026-09-08T16:21:00.0000000+05:30"
"+919810000103","+919820000201","172","2026-09-08T16:22:00.0000000+05:30"
"+919810000104","+919820000202","173","2026-09-08T16:23:00.0000000+05:30"
"+919810000105","+919820000203","174","2026-09-08T16:24:00.0000000+05:30"
"+919810000101","+919820000204","175","2026-09-08T16:25:00.0000000+05:30"
"+919810000102","+919820000201","176","2026-09-08T16:26:00.0000000+05:30"
"+919810000103","+919820000202","177","2026-09-08T16:27:00.0000000+05:30"
"+919810000104","+919820000203","178","2026-09-08T16:28:00.0000000+05:30"
"+919810000105","+919820000204","179","2026-09-08T16:29:00.0000000+05:30"
"+919810000101","+919820000201","180","2026-09-08T16:30:00.0000000+05:30"
